Module,Domain,Module Title,Topic,Question,Answer
M1,D1,Foundations & The Agentic Loop,Foundations,What is a code harness (agentic harness)?,"The system that wraps an LLM with prompts, tools, and execution environments — turning a raw model into an agent that can take actions and run workflows."
M1,D1,Foundations & The Agentic Loop,Foundations,What is an agentic coding tool / coding agent?,"Software that reads your codebase, edits files, runs commands, and integrates with your dev tools. Available in terminal, IDE, desktop app, and browser."
M1,D1,Foundations & The Agentic Loop,Foundations,What is Claude Code?,"Anthropic's agentic coding tool: reads the codebase, edits files, runs commands, integrates with dev tools, and acts as an MCP client. The canonical code harness."
M1,D1,Foundations & The Agentic Loop,Foundations,What does `init` do in Claude Code?,Scans the codebase for architecture and style and writes a CLAUDE.md that is auto-included as context on future requests. Use `#` to append notes to memory.
M1,D1,Foundations & The Agentic Loop,Agentic Loop,What is the agentic loop?,"A continuous cycle: Gather Context → Take Action → Verify Results → repeat, until the goal is met. The model self-reflects after each step and can be interrupted."
M1,D1,Foundations & The Agentic Loop,Agentic Loop,What does the agentic loop stop on?,"It stops only when the goal is met (signalled by stop_reason end_turn) — not on an arbitrary iteration cap, which is only a safety net."
M1,D1,Foundations & The Agentic Loop,Models,What is the model selection framework?,Intelligence priority → Opus; Speed priority → Haiku; Balanced → Sonnet. Pick on task complexity vs cost/speed.
M1,D1,Foundations & The Agentic Loop,Models,What do the opusplan and sonnet[1m] aliases mean?,"opusplan = Opus for planning, Sonnet for execution. sonnet[1m] = Sonnet with a large 1M-token context for long sessions."
M1,D1,Foundations & The Agentic Loop,Auth,"Why must the Claude API key live on your server, not the client?",Clients send text to your server; your server holds the key and calls Anthropic. Direct client→Anthropic calls leak the secret key. Token from platform.claude.com.
M1,D1,Foundations & The Agentic Loop,Stop Reason,"What does stop_reason ""tool_use"" mean and what do you do?","Claude wants to call a function. Your program runs it, appends a tool_result (user role) referencing the tool_use_id, and calls Claude again."
M1,D1,Foundations & The Agentic Loop,Stop Reason,"What does stop_reason ""end_turn"" mean?",Claude has decided to return a final result. Break the loop and return the answer to the user.
M1,D1,Foundations & The Agentic Loop,Stop Reason,Where does a tool_result go and what must it reference?,"In a user-role message, referencing the matching tool_use_id from the original request. Re-send full history each turn — the API is stateless."
M1,D1,Foundations & The Agentic Loop,Decision Making,What are the three decision-making styles?,"Pre-configured (you hardcode flow with if/else or state machines), Model-driven (give tools + goal, Claude decides), Hub-and-spoke (a coordinator controls subagents)."
M1,D1,Foundations & The Agentic Loop,Anti-patterns,What are the agentic loop anti-patterns?,Don't parse natural language for control; don't stop on text content; don't use an iteration cap as the primary stop. Always use stop_reason; cap = safety only.
M2,D1,Multi-Agent Orchestration: Hub-and-Spoke,Hub-and-spoke,"In hub-and-spoke orchestration, what is the coordinator?",The central brain (hub) through which all subagents route. It holds the full picture; subagents do not.
M2,D1,Multi-Agent Orchestration: Hub-and-Spoke,Hub-and-spoke,"In hub-and-spoke, how do subagents communicate with each other?",They don't. Subagents never talk directly and share no context — everything routes through the coordinator.
M2,D1,Multi-Agent Orchestration: Hub-and-Spoke,Hub-and-spoke,What is the coordinator's three-phase lifecycle?,Decompose the goal into subtasks → delegate to isolated subagents → aggregate results into one response.
M2,D1,Multi-Agent Orchestration: Hub-and-Spoke,Hub-and-spoke,What happens in the coordinator's aggregation step?,"It merges the subagents' results, resolves conflicts, and produces a single coherent response."
M2,D1,Multi-Agent Orchestration: Hub-and-Spoke,Hub-and-spoke,How does the coordinator decide single vs sequential vs parallel agents?,By task complexity: simple → single; dependent steps → sequential; independent slices → parallel.
M2,D1,Multi-Agent Orchestration: Hub-and-Spoke,Decomposition,Why is too-narrow task decomposition dangerous?,"It misses important dimensions, and because subagents have isolated context, none of them can detect the gap."
M2,D1,Multi-Agent Orchestration: Hub-and-Spoke,Decomposition,Whose responsibility is full coverage in a multi-agent system?,The coordinator's — subagents only see their slice and cannot notice missing perspectives.
M2,D1,Multi-Agent Orchestration: Hub-and-Spoke,Decomposition,How does the coordinator avoid narrow decomposition?,"Expand tasks to cover all perspectives before delegating, ask ""what's missing?"", add subtasks, validate, and gap-check before the final answer."
M2,D1,Multi-Agent Orchestration: Hub-and-Spoke,Decomposition,Where can the coordinator validate its decomposition?,"Up front with a review tool on the plan, and again during aggregation as a final gap-check."
M2,D1,Multi-Agent Orchestration: Hub-and-Spoke,Selection,What is Dynamic Selection in orchestration?,"Don't run the full pipeline every time — select only the agents a request needs, scaling shape to complexity."
M2,D1,Multi-Agent Orchestration: Hub-and-Spoke,Selection,Dynamic Selection: simple vs complex tasks?,Simple → a single agent. Complex → sequential or parallel agents depending on dependencies.
M2,D1,Multi-Agent Orchestration: Hub-and-Spoke,Selection,What is the rule of thumb for adding an agent?,Use an agent only if it adds value; spinning up agents that don't contribute wastes tokens and latency.
M2,D1,Multi-Agent Orchestration: Hub-and-Spoke,Partitioning,What is the problem with giving the same task to multiple agents?,Overlapping work and wasted tokens — duplicate findings with nothing extra learned.
M2,D1,Multi-Agent Orchestration: Hub-and-Spoke,Partitioning,What is Partitioning Research?,"Splitting the problem into distinct, non-overlapping scopes so each agent owns a unique slice."
M2,D1,Multi-Agent Orchestration: Hub-and-Spoke,Partitioning,What two properties must partitioned slices have together?,Non-overlapping (no duplication) and collectively complete (full coverage of the problem).
M2,D1,Multi-Agent Orchestration: Hub-and-Spoke,Refinement,Is multi-agent orchestration one-shot?,"No. The coordinator evaluates, identifies gaps, and re-delegates, iterating until coverage meets a defined quality bar."
M2,D1,Multi-Agent Orchestration: Hub-and-Spoke,Refinement,What are the steps of the refinement loop?,Aggregate → evaluate coverage → identify gaps → re-delegate to close them → repeat until the quality bar is met → finalise.
M2,D1,Multi-Agent Orchestration: Hub-and-Spoke,Refinement,How should completeness be enforced in the refinement loop?,"With a structured check (e.g. an evaluate_coverage tool) rather than parsing text, returning whether the bar is met and what's missing."
M2,D1,Multi-Agent Orchestration: Hub-and-Spoke,Observability,What goes wrong without a coordinator (observability)?,Flows become untraceable and failures inconsistent and hard to reproduce.
M2,D1,Multi-Agent Orchestration: Hub-and-Spoke,Observability,What does a coordinator provide for observability?,"It centralises all messages and errors, enabling debugging, control, and policy enforcement."
M2,D1,Multi-Agent Orchestration: Hub-and-Spoke,Observability,Why does routing through the hub enable policy enforcement?,"Because nothing bypasses the coordinator, it can log every interaction, trace failures, retry, and enforce what subagents may do."
M3,D1,"Subagents, the Agent Tool & Sessions",Subagents,What does the Agent tool do?,Spawns a subagent with its own isolated context window and its own tool scope to handle a focused piece of work and report back.
M3,D1,"Subagents, the Agent Tool & Sessions",Subagents,"What is the ""Task"" tool, and how does it relate to the Agent tool?","""Task"" is the legacy name for the Agent tool; it still appears in code and traces. Agent tool and Task tool are the same thing."
M3,D1,"Subagents, the Agent Tool & Sessions",Subagents,What two execution patterns can subagents run in?,Parallel (several independent jobs at once) or blocking (the parent waits for the result before continuing).
M3,D1,"Subagents, the Agent Tool & Sessions",Subagents,Why delegate work to a subagent?,"To isolate context (keep the parent small/focused), focus the toolset (better tool choice), and parallelise independent work for speed."
M3,D1,"Subagents, the Agent Tool & Sessions",Context,How does a subagent receive the context it needs?,"Only via context explicitly provided in its prompt — there is no implicit memory and no shared context, so the prompt must include all instructions and data."
M3,D1,"Subagents, the Agent Tool & Sessions",Context,True or false: a subagent inherits the parent's conversation history.,"False. It starts with a blank, isolated history. Nothing is shared or inherited; everything must be passed explicitly."
M3,D1,"Subagents, the Agent Tool & Sessions",Definitions,What is an agent definition?,"A blueprint for a subagent — its identity, role, and boundaries — declaring what the agent can do before execution begins."
M3,D1,"Subagents, the Agent Tool & Sessions",Definitions,Name the four fields of an agent definition.,"name, description, system prompt, and allowed/disallowed tools."
M3,D1,"Subagents, the Agent Tool & Sessions",Definitions,Which agent-definition field sets the subagent's tool scope?,The allowed/disallowed tools field. (The system prompt sets behaviour; the description drives selection; the name identifies it.)
M3,D1,"Subagents, the Agent Tool & Sessions",Sessions,What is fork-based session management?,"Copying a conversation's state then branching it into independent sessions, each exploring a different direction in isolation — preventing cross-contamination while enabling parallel exploration."
M3,D1,"Subagents, the Agent Tool & Sessions",Sessions,What are the three benefits of forking sessions?,(1) Each session has its own history and resumable state; (2) branches run in parallel so results come faster; (3) full isolation means no shared context or leakage.
M3,D1,"Subagents, the Agent Tool & Sessions",Sessions,What is a Claude Code session?,"A stateful conversation with the agent — the accumulated history, tools, and outputs of one continuous interaction."
M3,D1,"Subagents, the Agent Tool & Sessions",Sessions,"Which command starts a new session, and which continues one?",Running `claude` starts a new session; `/resume` continues an existing one.
M3,D1,"Subagents, the Agent Tool & Sessions",Sessions,"Where can sessions live, and can they move?","Locally or remotely; they can be continued across environments — start on one machine, resume on another."
M3,D1,"Subagents, the Agent Tool & Sessions",SDKs,Anthropic SDK vs Claude Agent SDK?,"Anthropic SDK = direct API calls where you control everything (write the loop by hand). Claude Agent SDK = built-in agent loop plus tool plumbing, a higher-level abstraction."
M3,D1,"Subagents, the Agent Tool & Sessions",SDKs,Which SDK runs the agent loop for you?,"The Claude Agent SDK. With the Anthropic SDK you write the loop, dispatch tools, and keep the message history yourself."
M3,D1,"Subagents, the Agent Tool & Sessions",SDKs,When would you use the Anthropic SDK over the Claude Agent SDK?,"When you need fine-grained control — approval gates, custom logging, conditional execution. Use the Agent SDK when you just want the loop, retries, and tool plumbing handled."
M3,D1,"Subagents, the Agent Tool & Sessions",Sessions,"How do you resume a session, and what does it restore?","Use `/resume` or `claude --resume`; it uses a session_id to reload the full context/history, preserving state, tools, and prior outputs."
M3,D1,"Subagents, the Agent Tool & Sessions",Sessions,What is forking a session?,Branching from a past point into a NEW session that keeps history up to that point then diverges independently — parallel exploration without affecting the original.
M3,D1,"Subagents, the Agent Tool & Sessions",Sessions,Resume vs fork — what's the difference?,"Resume continues the same session (one timeline). Fork branches a new, independent session from a past point (a second timeline), leaving the original untouched."
M3,D1,"Subagents, the Agent Tool & Sessions",Context,What does /context show?,"Token usage and the remaining context window, broken down across messages, system, tools, and skills, plus an auto-compact buffer reserving space for summarisation."
M3,D1,"Subagents, the Agent Tool & Sessions",Context,What is the auto-compact buffer?,Window space reserved up-front so there is room to summarise (auto-compact) before the context window overflows; it is not the same as running /compact manually.
M3,D1,"Subagents, the Agent Tool & Sessions",Context,What does /compact do?,"Summarises the conversation into fewer tokens, then continues — preserving the gist to manage context limits and prevent overflow."
M3,D1,"Subagents, the Agent Tool & Sessions",Context,"What does /clear do, and what does it keep?","Resets the current chat to a blank slate, but keeps your files and memory (e.g. CLAUDE.md) — only the chat is reset."
M3,D1,"Subagents, the Agent Tool & Sessions",Context,/compact vs /clear?,/compact summarises to reduce tokens (keeps a condensed history); /clear discards the conversation entirely but keeps files and memory.
M3,D1,"Subagents, the Agent Tool & Sessions",Sessions,What does /rename do?,Labels a session with a meaningful name so it is easier to retrieve and resume later.
M3,D1,"Subagents, the Agent Tool & Sessions",Sessions,What does /rewind do?,Restores the conversation to a previous state in history — undo a bad path and re-try from a known-good point.
M3,D1,"Subagents, the Agent Tool & Sessions",Sessions,You took a wrong turn three steps ago — which command gets you back?,"/rewind, which restores an earlier state in history. (/rename only labels sessions; it doesn't change history.)"
M4,D3,Claude Code Configuration & Permissions,Settings,What are the four Claude Code settings scopes and their precedence?,"Managed > User > Project > Local (highest to lowest). On a conflict, the higher scope wins."
M4,D3,Claude Code Configuration & Permissions,Settings,Where does each settings scope live?,Managed = org-deployed; User = ~/.claude/settings.json; Project = .claude/settings.json (in repo); Local = settings.local.json (not in git).
M4,D3,Claude Code Configuration & Permissions,Settings,What is the difference between .claude/settings.json and settings.local.json?,".claude/settings.json is the Project scope, committed and shared with the team. settings.local.json is the Local scope, personal and git-ignored."
M4,D3,Claude Code Configuration & Permissions,Settings,Which settings scope has the highest priority and what can it do?,"Managed (org-wide). It is IT-enforced and, via Lockdown, can prevent user/project overrides."
M4,D3,Claude Code Configuration & Permissions,Settings,Which settings area covers API keys and forcing login org?,"Auth — API keys, AWS auth helpers, and force login method / org."
M4,D3,Claude Code Configuration & Permissions,Settings,What three values can Agents teammate mode take?,"auto, tmux, or inline."
M4,D3,Claude Code Configuration & Permissions,Settings,What are the two update channels in the Updates settings area?,latest or stable.
M4,D3,Claude Code Configuration & Permissions,Settings,What does the Lockdown settings area do?,Sets managed-only configuration so there are no user or project overrides.
M4,D3,Claude Code Configuration & Permissions,Settings,Name the configurable settings areas in Claude Code.,"Auth, Sessions, Env, Models, Output, Git, Updates, UI, Agents, Permissions, MCP, Plugins(Managed), Lockdown, Hooks, Misc."
M4,D3,Claude Code Configuration & Permissions,Permissions,What are the three permission levels?,"allow (auto-run, no prompt), ask (confirm with user), deny (block outright)."
M4,D3,Claude Code Configuration & Permissions,Permissions,What is the evaluation order of permission rules?,deny → ask → allow. Deny is checked first and the most restrictive match wins.
M4,D3,Claude Code Configuration & Permissions,Permissions,A command matches both an allow and a deny rule — what happens?,"It is blocked. Deny is evaluated first and the most restrictive level wins, so allow never applies."
M4,D3,Claude Code Configuration & Permissions,Permissions,Which tools do permission rules apply to?,"Bash, Read/Write, WebFetch, MCP, and Agents."
M4,D3,Claude Code Configuration & Permissions,Permissions,What does * do in a Bash permission rule?,It is a wildcard matching any characters and can appear anywhere in the command pattern.
M4,D3,Claude Code Configuration & Permissions,Permissions,Why does Bash(ls *) not match the bare command ls?,"Spaces matter: ls * only matches the ""ls space something"" form, so ls with no argument does not match."
M4,D3,Claude Code Configuration & Permissions,Permissions,What do Read and Edit permission rules follow by default?,"They follow your .gitignore patterns, so ignored files are respected."
M4,D3,Claude Code Configuration & Permissions,Permissions,"What do the path prefixes //, ~/, /, and none mean in Read/Edit rules?",// = absolute path; ~/ = home directory; / = project root; none = current directory.
M4,D3,Claude Code Configuration & Permissions,Permissions,What is the difference between / and // in a permission path?,A single / means the project root; a double // means a system absolute path.
M4,D3,Claude Code Configuration & Permissions,Permissions,How are WebFetch permission rules scoped?,"By domain, using WebFetch(domain:example.com); you can allow, ask, or deny per domain."
M4,D3,Claude Code Configuration & Permissions,MCP,What is the MCP rule syntax for all tools vs one tool on a server?,mcp__server covers all tools on that server; mcp__server__tool scopes to one specific tool. Wildcards are supported.
M4,D3,Claude Code Configuration & Permissions,Permissions,What does a bare tool rule (no parentheses) grant?,"Full, unscoped access to that tool — e.g. Read, Bash, WebFetch allow any invocation. Very broad."
M4,D3,Claude Code Configuration & Permissions,Tools,What does the * suffix mark in the Claude Code tools list?,"Side-effecting tools that change state or reach the network: Bash*, Edit*, WebFetch*, WebSearch*, Write*."
M4,D3,Claude Code Configuration & Permissions,Tools,Which Claude Code tools are read-only?,"Read, Grep, and Glob — they read or search/match without modifying anything."
M4,D3,Claude Code Configuration & Permissions,Tools,What does the Agent tool do?,Spawns subagents.
M4,D3,Claude Code Configuration & Permissions,Tools,Name the Task tool family.,"TaskCreate, TaskGet, TaskList, TaskUpdate, TaskStop, TaskOutput."
M4,D3,Claude Code Configuration & Permissions,Permissions,What does the default permission mode do?,Standard behaviour — prompts for permission on first use of each tool.
M4,D3,Claude Code Configuration & Permissions,Permissions,What does acceptEdits permission mode do?,Auto-accepts file-edit permissions for the session.
M4,D3,Claude Code Configuration & Permissions,Permissions,What does plan (Plan Mode) allow and forbid?,Claude can analyse but not modify files or execute commands.
M4,D3,Claude Code Configuration & Permissions,Permissions,What does dontAsk permission mode do?,Auto-denies tools unless pre-approved via /permissions or permissions.allow rules.
M4,D3,Claude Code Configuration & Permissions,Permissions,What does bypassPermissions mode do and what does it require?,Skips all permission prompts; requires a safe (isolated) environment such as a sandbox.
M4,D3,Claude Code Configuration & Permissions,Permissions,How do dontAsk and bypassPermissions differ?,dontAsk auto-DENIES anything not pre-approved (safe-by-default); bypassPermissions auto-ALLOWS everything by skipping prompts (dangerous-by-default).
M4,D3,Claude Code Configuration & Permissions,Permissions,What is --dangerously-skip-permissions?,A session setting telling Claude Code to stop prompting for permissions for the rest of the session; use only in a sandboxed environment.
M4,D3,Claude Code Configuration & Permissions,Sandbox,What is a sandbox?,A security mechanism that separates running programs from your operating system — a controlled environment for code to run safely.
M4,D3,Claude Code Configuration & Permissions,Sandbox,What does a sandbox provide?,"Storage and memory scratch space, limited network access, and restricted ability to inspect the host system."
M4,D3,Claude Code Configuration & Permissions,Sandbox,Why is a sandbox relevant to bypassPermissions?,It is the safe environment those dangerous modes assume; running with prompts off is only acceptable inside a sandbox where a runaway agent can't damage the OS.
M5,D1,Coordination Patterns & Findings,Findings,What does passing raw text findings between agents lose?,"Attribution and provenance — a downstream agent can't trace which source supports a claim, so outputs are unverifiable and reliability is weak."
M5,D1,Coordination Patterns & Findings,Findings,Why does the raw findings problem get worse with more agents?,"Each hand-off strips a little more context; raw text mixes content and conclusions but discards the metadata that makes them checkable, so errors compound across the chain."
M5,D1,Coordination Patterns & Findings,Findings,What is the solution to the raw findings dilemma?,"Pass structured finding objects that keep content + metadata together, with fields like id, type, confidence, and source details."
M5,D1,Coordination Patterns & Findings,Findings,Name four fields a structured finding object carries.,"id (stable identifier), type (fact/metric/quote/risk), confidence (how sure), and source (provenance: URL/document/tool call)."
M5,D1,Coordination Patterns & Findings,Findings,What does keeping content and metadata together in findings enable?,"Traceability, validation, and reliable synthesis — a synthesiser can cite the exact source and a checker can re-verify low-confidence findings."
M5,D1,Coordination Patterns & Findings,Parallelism,When should subagents run in parallel?,When tasks are independent (no shared dependencies); it improves speed and coverage by exploring multiple paths at once.
M5,D1,Coordination Patterns & Findings,Parallelism,When should subagents run sequentially instead of in parallel?,Only when an output depends on an earlier step — i.e. a later step consumes an earlier step's result.
M5,D1,Coordination Patterns & Findings,Coordination,What is procedural (rigid) coordination?,"Step-by-step prompts that make the coordinator act like a script runner, executing a fixed sequence instead of reasoning about the goal."
M5,D1,Coordination Patterns & Findings,Coordination,Why does procedural coordination break?,"It fails on missing or unexpected inputs and when tasks don't fit the prescribed flow, leading to wasted calls and poor adaptability."
M5,D1,Coordination Patterns & Findings,Coordination,What is goal-oriented coordination?,"Define a clear end goal plus a quality bar, not fixed steps; the coordinator dynamically decides which agents to use and in what order."
M5,D1,Coordination Patterns & Findings,Coordination,What advantages does goal-oriented coordination give over procedural?,"Flexibility, better reasoning, and efficient execution — it adapts to surprises instead of breaking."
M5,D1,Coordination Patterns & Findings,Quality,What is quality-criteria-driven coordination?,"Using explicit criteria (coverage, sources, depth) as the definition of done; the coordinator evaluates outputs against them before finishing."
M5,D1,Coordination Patterns & Findings,Quality,What does a coordinator do if quality criteria are unmet?,"Identify the specific gaps and re-delegate targeted work to close them, then re-evaluate."
M5,D1,Coordination Patterns & Findings,Control,What is prompt-based guidance and its weakness?,"Instructions that guide behaviour but don't enforce it; the model can drift or ignore the rules, so there's no guarantee of the correct sequence."
M5,D1,Coordination Patterns & Findings,Control,What is programmatic enforcement (gates)?,"Hard rules in code that make steps impossible to skip; a gate blocks execution if prerequisites are missing, ensuring correct order and reliability."
M5,D1,Coordination Patterns & Findings,Control,How do prompt guidance and programmatic gates differ?,Guidance is a suggestion that can be ignored; a gate is a hard rule that blocks execution and guarantees order.
M5,D1,Coordination Patterns & Findings,Hooks,What is the hooks pattern?,"Hooks run before and after tool calls; they implement gates and state updates, giving a central place for control logic."
M5,D1,Coordination Patterns & Findings,Hooks,What are the two hook points and what does each do?,PreToolUse validates and enforces rules (can block); PostToolUse stores results and updates state (after the call ran).
M5,D1,Coordination Patterns & Findings,Hooks,"Where do you put a gate that must block a step, Pre or PostToolUse?",PreToolUse — it runs before the tool and can block execution if prerequisites are missing. PostToolUse is too late to block.
M5,D1,Coordination Patterns & Findings,Hooks,"Where do you record a tool result or update state, Pre or PostToolUse?",PostToolUse — it runs after the tool returns and is where you store results and update state.
M5,D1,Coordination Patterns & Findings,Handoff,What is a handoff protocol?,"A structured package assembled before escalation that bundles context, actions taken, and blockers so the receiver needn't dig through history."
M5,D1,Coordination Patterns & Findings,Handoff,What three things does a handoff package include?,"Context (the situation/goal), actions taken (what was tried), and blockers (what's stuck and why escalate)."
M5,D1,Coordination Patterns & Findings,Workflow,What is prompt chaining and when is it best?,"A fixed sequence of agent steps where each output feeds the next; best for predictable, repeatable workflows."
M5,D1,Coordination Patterns & Findings,Adaptive,What is dynamic adaptive decomposition?,"Deciding the next step based on findings so far — flexible, not a fixed sequence."
M5,D1,Coordination Patterns & Findings,Adaptive,What is an adaptive investigation plan and when does it stop?,An approach where findings generate new questions; it stops when no new signal emerges.
M5,D1,Coordination Patterns & Findings,Adaptive,How does adaptive decomposition differ from prompt chaining?,Prompt chaining uses steps fixed in advance and stops at the last step; adaptive decomposition decides steps from findings and stops when no new signal emerges.
M6,D5,"Resilience: Errors, Recovery & Escalation",Sessions,"After a true session reset, what does the model remember of past state?","Nothing. The API is stateless; ""memory"" is just re-sent message history. After a reset you must provide a fresh structured summary to rebuild context."
M6,D5,"Resilience: Errors, Recovery & Escalation",Sessions,What is the difference between /resume and writing a structured summary?,"/resume reloads the full prior transcript into the context window. A structured summary is what you write when the transcript is gone or unusable (crashed process, fresh request, context too large)."
M6,D5,"Resilience: Errors, Recovery & Escalation",Sessions,What should a structured resume summary contain?,"The goal, what's completed, what's outstanding, and any decisions or blockers to respect — not a raw transcript dump. Same shape as the Module 5 Handoff Protocol."
M6,D5,"Resilience: Errors, Recovery & Escalation",Prompting,How can a system prompt conflict with tools?,"A system prompt can override tool intent: it may forbid what a tool invites (e.g. ""never refund"" + a process_refund tool) or mandate what a tool can't deliver, causing erratic behaviour."
M6,D5,"Resilience: Errors, Recovery & Escalation",Prompting,An agent refuses to use a tool it clearly has. What should you suspect first?,"A system-prompt constraint conflicting with the tool's intent — not a model fault. Fix by aligning the prompt and toolset, not by using a bigger model."
M6,D5,"Resilience: Errors, Recovery & Escalation",Prompting,How do you resolve a system-prompt-vs-tool conflict?,"Make the prompt and toolset agree (remove the tool from that context or encode the boundary in its description), state precedence explicitly, and audit long prompts for hidden constraints."
M6,D5,"Resilience: Errors, Recovery & Escalation",MCP,"In MCP, does a tool failing mean the loop has failed?","No. A tool failure is not a loop failure. The agent still receives the result and keeps reasoning, deciding the next action from the error."
M6,D5,"Resilience: Errors, Recovery & Escalation",MCP,How is a tool error returned to the model?,As a tool_result block with is_error: true (MCP surfaces this as isError). The model reads it as data and continues the loop.
M6,D5,"Resilience: Errors, Recovery & Escalation",MCP,What is the error type to action mapping for tool failures?,"Transient (rate_limited, internal) -> retry; bad input (validation) -> fix the arguments; dead end (not_found, no tool) -> escalate / ask the user."
M6,D5,"Resilience: Errors, Recovery & Escalation",Errors,What does the retryable flag tell the caller?,"retryable: true -> safe to retry (transient). retryable: false -> communicate the problem, don't loop (permanent; another attempt can't help)."
M6,D5,"Resilience: Errors, Recovery & Escalation",Errors,What is the fixed error category vocabulary and its retryable values?,"validation (false), not_found (false), rate_limited (true), internal (true). Category lets the caller branch deterministically."
M6,D5,"Resilience: Errors, Recovery & Escalation",Errors,What two failure modes does the retryable flag prevent?,"Blindly retrying forever a permanent error (e.g. validation), and giving up on a transient blip that just needs a short wait (e.g. rate_limited)."
M6,D5,"Resilience: Errors, Recovery & Escalation",Subagents,What is the BAD subagent failure pattern?,"Propagating every error straight up to the coordinator, which then gets a useless failure with no detail or remedy and the whole job stalls on a recoverable blip."
M6,D5,"Resilience: Errors, Recovery & Escalation",Subagents,What is the BETTER subagent failure recovery pattern?,"Retry locally (if retryable) -> try a fallback (alternate tool/source) -> escalate only if options are exhausted, with the reason attached."
M6,D5,"Resilience: Errors, Recovery & Escalation",Escalation,"What are the three hard escalation triggers, and why do they override confidence?","policy_gap, customer_request, cannot_progress. They concern authority and scope, not certainty — a confident answer to a question you shouldn't answer is the most dangerous output."
M6,D5,"Resilience: Errors, Recovery & Escalation",Escalation,How does confidence-based routing work for in-scope tickets?,"confidence >= 0.85 -> auto-resolve; >= 0.60 -> human review (agent drafts, person approves); < 0.60 -> escalate. Thresholds are a business decision set by risk appetite."
M6,D5,"Resilience: Errors, Recovery & Escalation",Escalation,Why should an escalation carry its reason and a draft?,"So the human starts informed, not cold — this is the Handoff Protocol package (context, actions, blockers). The human-review band is the in-the-loop sweet spot."
M7,D2,Tool Design & MCP,Tool design,Does adding more tools increase an agent's capability?,"No. More tools ≠ more capability. Past a point it confuses selection, increases hesitation, and encourages hallucinated tool combos."
M7,D2,Tool Design & MCP,Tool design,What are the three failure modes of too many tools?,"Confuses selection (wrong tool chosen), increases hesitation (unnecessary clarifications), and encourages hallucinated tool combinations."
M7,D2,Tool Design & MCP,Tool design,What is the rule for sizing a toolset?,"Prefer a small, general-purpose toolset over many niche ones."
M7,D2,Tool Design & MCP,Tool design,"What does ""tool presence = implicit permission"" mean?","If a tool exists in the model's list, it assumes it should be used. Giving an agent a tool it shouldn't touch invites misuse."
M7,D2,Tool Design & MCP,Tool design,Give an example of tools specialisation misuse.,"A synthesis agent given a search tool will start searching — a role mismatch causing wrong tool usage, duplicated work, and off-role drift."
M7,D2,Tool Design & MCP,Tool design,A synthesis subagent keeps doing its own searches. What's the fix?,Remove the search tool from that agent — not prompt it harder. Presence reads as permission; scope toolsets to each agent's role.
M7,D2,Tool Design & MCP,Tool choice,What does the tool_choice parameter control?,How much freedom the model has over whether and which tool to call — from flexible (AUTO) to fully forced (TOOL).
M7,D2,Tool Design & MCP,Tool choice,"What does tool_choice AUTO do, and when is it used?",The model decides freely whether/which tool to call — flexible but unpredictable. Used for general agents (the default).
M7,D2,Tool Design & MCP,Tool choice,What does tool_choice ANY do?,Guarantees some tool use — the model must call a tool but picks which one.
M7,D2,Tool Design & MCP,Tool choice,"What does tool_choice TOOL do, and when is it used?","Fully deterministic — forces one named tool (a guaranteed path). Used for strict pipelines / enforcement, e.g. extraction."
M7,D2,Tool Design & MCP,Tool choice,What does tool_choice NONE do?,Bans all tools — pure reasoning / text output only.
M7,D2,Tool Design & MCP,Tool choice,How do you force Claude to call a specific tool?,"Set tool_choice to {""type"": ""tool"", ""name"": ""tool_name""}; e.g. forcing extract_invoice for structured extraction."
M7,D2,Tool Design & MCP,MCP,"When you connect multiple MCP servers, how does the model see the tools?","All tools flatten into one list — no grouping by server, no awareness of origin, just one large decision surface."
M7,D2,Tool Design & MCP,MCP,"What is the risk of MCP discovery, and the mitigation?","Risk: tool explosion without structure. Mitigation: limit the servers you connect, or filter the tools before exposing them."
M7,D2,Tool Design & MCP,MCP,What is the difference between MCP Tools and Resources?,"Tools = actions (DO something), reactive when Claude calls them. Resources = data (READ something), proactive — fetched e.g. when @-mentioned."
M7,D2,Tool Design & MCP,MCP,Tool or Resource: an @-mentioned file's contents appear in context before Claude reasons?,"A Resource — resources supply data proactively (e.g. when @-mentioned), before the model reasons."
M7,D2,Tool Design & MCP,MCP,What are direct vs templated resource URIs?,Direct = a static URI (docs://documents). Templated = a parameterised URI (docs://documents/{doc_id}); the SDK parses the param into the handler.
M7,D2,Tool Design & MCP,Built-in,What is the mental model for a coding agent's built-in tools?,"File system + shell primitives: Read, Grep, Glob, Edit, Bash."
M7,D2,Tool Design & MCP,Built-in,"What do Read, Grep, and Glob each do?",Read = load a file into context. Grep = search inside files (by content). Glob = find files by pattern (by name).
M7,D2,Tool Design & MCP,Built-in,Which built-in tool needs permission and why?,Edit — it modifies files. Read/Grep/Glob are read-only; Bash executes commands and is also treated carefully.
M7,D2,Tool Design & MCP,Schemas,What does JSON Schema define?,"Structure, not behaviour. It's a general data-validation spec adopted for tool calling."
M7,D2,Tool Design & MCP,Schemas,"What do type, properties, required, and enum mean in JSON Schema?",type = data shape; properties = the fields; required = which fields must exist; enum = allowed values for a field.
M7,D2,Tool Design & MCP,Schemas,What is a tool's input_schema?,The schema the model generates inputs to match — i.e. how Claude calls your tool. It must be clear and constrained.
M7,D2,Tool Design & MCP,Schemas,What three parts make up a tool schema?,"name + description (3–4 sentences: what it does, when to use it, what it returns) + input_schema."
M7,D2,Tool Design & MCP,Schemas,"What do enum, required, and description each buy you in a tool schema?","enum reduces ambiguity, required enforces completeness, description guides decision-making."
M7,D2,Tool Design & MCP,Schemas,"Why is Claude calling the wrong tool, and how do you fix it?","The descriptions don't differentiate. The model selects almost entirely from the description, so add explicit boundaries (""NOT for … — use X"")."
M7,D2,Tool Design & MCP,Schemas,How do you simulate conditional logic in a schema without code?,"Keep a field optional but state the condition in its description, e.g. ""category_detail required when category = 'other'"". The model honours the prose rule."
M7,D2,Tool Design & MCP,Schemas,Why can't JSON Schema's required express conditional requirements?,"required is all-or-nothing — it can't say ""required only when another field has a certain value"". Encode that rule in the description instead."
M7,D2,Tool Design & MCP,Schemas,Is a schema enough for validation?,No — schema ≠ full validation. It guarantees shape/types only. Use tools like Pydantic / Instructor for real correctness.
M7,D2,Tool Design & MCP,Schemas,"With a validation layer, what should you validate?",Both directions: input to the model and output from the model.
M7,D2,Tool Design & MCP,Schemas,Why is schema-valid not the same as semantically correct?,A schema can require total: int but cannot require it equal the line-item sum. Cross-field/business rules need a validation layer plus feedback-retry.
M8,D4,Prompt Engineering & Context Management,Prompting,Why do vague prompts fail?,"They produce unpredictable, non-repeatable results because the model has to guess what you want instead of following a stated rule."
M8,D4,Prompt Engineering & Context Management,Prompting,What four things should an explicit prompt pin down?,"Scope (what's in bounds), constraints (the rules), the success condition (how you know it's done), and what the model must NOT change."
M8,D4,Prompt Engineering & Context Management,Prompting,Why state what the model must not change?,"Without it the model ""helpfully"" edits unrelated things — reformatting, renaming — that you never asked it to touch."
M8,D4,Prompt Engineering & Context Management,Prompting,What makes a prompt result repeatable?,"An explicit, checkable criterion turns a matter of taste into a verifiable rule, so the same prompt yields the same outcome."
M8,D4,Prompt Engineering & Context Management,Prompting,What is a good structure for a prompt's first line?,Action verb + clear task description + output specification; the first line sets the foundation for the response.
M8,D4,Prompt Engineering & Context Management,Code review,What problem does vague prompting cause in a code-review agent?,"Over-flagging / false positives — the model guesses patterns and flags style, naming, and config as ""bugs"", burying real defects."
M8,D4,Prompt Engineering & Context Management,Code review,How do you reduce false positives in a review agent?,"Define exact, exclusionary criteria stating what IS reportable (correctness defects) and what is NOT (style, naming, config that may be intentional)."
M8,D4,Prompt Engineering & Context Management,Code review,Why can't one prompt be both thorough and strict?,Recall and precision fight inside one prompt — push thoroughness and you get false positives; push strictness and you miss real bugs.
M8,D4,Prompt Engineering & Context Management,Code review,Describe the find → verify review architecture.,"Pass 1 FIND casts a wide net for recall (report every candidate, even unsure); Pass 2 VERIFY adversarially refutes each for precision; keep only survivors."
M8,D4,Prompt Engineering & Context Management,Code review,What should a verifier default to when uncertain?,Default to is_real = false (not a bug) — it optimises for precision and drops false positives.
M8,D4,Prompt Engineering & Context Management,Code review,How can model tiers map onto find/verify passes?,"Use a cheaper model (e.g. Haiku) for the wide-net pass 1, and a stronger model (e.g. Opus) for the precision verification pass 2."
M8,D4,Prompt Engineering & Context Management,Few-shot,What is few-shot prompting?,Showing the model a handful of worked examples (alongside the instruction) to anchor behaviour and output format.
M8,D4,Prompt Engineering & Context Management,Few-shot,What does few-shot prompting improve?,"It anchors behaviour and format, reduces hallucination, and improves consistency — especially on ambiguous inputs like sarcasm."
M8,D4,Prompt Engineering & Context Management,Few-shot,What are the three habits that make few-shot work?,Wrap examples in XML tags; include the hard/edge case with a one-line reason; place examples after the instruction and before the real input.
M8,D4,Prompt Engineering & Context Management,Few-shot,Why wrap few-shot examples in XML tags?,Descriptive tags give clean boundaries so the model can tell the worked examples apart from the actual input it must process.
M8,D4,Prompt Engineering & Context Management,Few-shot,Why add a one-line reason to a few-shot example?,"The reason teaches the underlying pattern, not just the answer, so the model generalises to new cases."
M8,D4,Prompt Engineering & Context Management,Few-shot,Where do few-shot examples go in the prompt?,After the instruction and before the real input.
M8,D4,Prompt Engineering & Context Management,Context,What is progressive summarization (the problem)?,Information degrades across steps as you summarise summaries; precise numbers are lost first. Fix: extract and re-inject the key data verbatim.
M8,D4,Prompt Engineering & Context Management,Context,"What is ""lost in the middle""?","In long context the model attends to the start and end and ignores the middle, missing facts buried there. Fix: chunk and process in sections."
M8,D4,Prompt Engineering & Context Management,Context,What is tool result bloat?,"Verbose tool output (a 500-line log, giant JSON) pasted into context becomes permanent noise and token waste. Fix: filter/distil before passing."
M8,D4,Prompt Engineering & Context Management,Context,What is conversation history growth?,History grows uncontrollably across a long session until it nears or overflows the window. Fix: summarise or trim old turns.
M8,D4,Prompt Engineering & Context Management,Context,What is the unifying principle of context management?,Keep the bulk out of context and pass forward only the distilled result.
M8,D4,Prompt Engineering & Context Management,Context,What are the three application-level context patterns?,"Distil tool output (raw blob → fact card), scratchpad file (material → one-line notes on disk), subagent delegation (whole sub-task context → short result)."
M8,D4,Prompt Engineering & Context Management,Context,Why distil verbose tool output at the moment it returns?,A raw blob lingers and is re-read every turn; distilling to a fact card immediately can cut ~97% of tokens (e.g. ~1848 → ~37) and keeps a long run lean.
M8,D4,Prompt Engineering & Context Management,Context,Why use a scratchpad file on disk over keeping everything in context?,"Context stays flat across hundreds of steps and the notes survive a crash or context reset, since they aren't in volatile conversation state."
M8,D4,Prompt Engineering & Context Management,Context,How does subagent delegation save context?,A context-heavy sub-task is given to a subagent that burns its own window and returns only a short answer; the main context never sees the raw material.
M8,D4,Prompt Engineering & Context Management,Context,What server-side context helpers does the Claude API offer?,Context editing (prunes stale tool results/thinking) and compaction (summarises old turns near the limit) — complements to the app-level patterns.
M9,All,Scenario Playbook,Support,What architecture does a customer support agent use?,"A single model-driven agent: tools (often via MCP) plus a goal, letting Claude decide which tool and when. Tickets vary too much for a fixed workflow."
M9,All,Scenario Playbook,Escalation,What are the three hard escalation triggers that override confidence?,"policy_gap (needs an exception the agent can't authorise), customer_request (asked for a human), and cannot_progress (lacks tools/info). Any one escalates regardless of confidence."
M9,All,Scenario Playbook,Escalation,What are the confidence bands for support routing?,"≥ 0.85 auto-resolve; ≥ 0.60 human review (agent drafts, person approves); < 0.60 escalate. Only applied once a ticket is in-scope (past Layer 1)."
M9,All,Scenario Playbook,Escalation,Why does the human-review band matter in support routing?,"It's the human-in-the-loop sweet spot: the agent does the work and drafts a reply, but a person approves before sending — automation speed with a safety net."
M9,All,Scenario Playbook,Handoff,What does the handoff protocol carry on escalation?,"A structured package: context, actions taken, the blocker/reason, and the draft reply — so the human starts informed instead of digging through history."
M9,All,Scenario Playbook,Dev agent,What tools does a Claude Code dev agent use?,"The built-in set (file system + shell primitives): Read, Grep, Glob, Edit, Bash, and Write — not MCP business tools."
M9,All,Scenario Playbook,Dev agent,What is Plan Mode in a dev agent?,A permission mode where Claude can analyse and propose but cannot modify files or run commands — read-only reconnaissance before execution.
M9,All,Scenario Playbook,Dev agent,What is the plan-vs-execute pattern for a coding agent?,"Plan first (Plan Mode, read-only; pairs with opusplan), then approve, leave Plan Mode and execute edits/commands (acceptEdits auto-accepts edits for the session)."
M9,All,Scenario Playbook,Multi-agent,What architecture powers a multi-agent system?,Hub-and-spoke: one coordinator plus many subagents that never talk directly. All routing goes through the coordinator; subagents have isolated context.
M9,All,Scenario Playbook,Multi-agent,What is the coordinator's core cycle?,"Decompose the goal into subtasks, delegate to subagents (single/sequential/parallel by complexity), then aggregate — merge results and resolve conflicts into one answer."
M9,All,Scenario Playbook,Multi-agent,What is partitioning in a multi-agent system?,"Splitting work into distinct, non-overlapping scopes so each subagent owns a unique slice. Same task to two agents causes overlap and wasted tokens."
M9,All,Scenario Playbook,Multi-agent,Why use structured findings instead of raw text between agents?,"Raw text loses attribution and provenance. Structured objects (id, type, confidence, source) keep content plus metadata together for traceable, reliable synthesis."
M9,All,Scenario Playbook,Multi-agent,What is the refinement loop in coordination?,"Not one-shot: the coordinator evaluates coverage against a quality bar, identifies gaps, and re-delegates targeted work until the bar is met."
M9,All,Scenario Playbook,Multi-agent,How do subagents receive context?,Only via explicitly provided context (the Agent/Task tool). No implicit memory or shared state — prompts must include all required data.
M9,All,Scenario Playbook,Dev productivity,What is the difference between a dev agent and a dev productivity agent?,"Both use built-in tools. A dev agent solves novel problems (needs dynamic planning); a productivity agent automates known, repeatable chores — often better as a workflow/skill."
M9,All,Scenario Playbook,Dev productivity,What does a dev productivity agent automate?,"Repetitive dev chores: changelogs, release notes, issue triage, doc updates — using built-in tools, often packaged as a custom skill (SKILL.md, context: fork, allowed-tools)."
M9,All,Scenario Playbook,CI/CD,What architecture does a CI/CD agent use?,"A workflow-leaning agent triggered by an event (cron schedule, push, failing build) running headless in the pipeline — reliability over flexibility."
M9,All,Scenario Playbook,CI/CD,Give the canonical CI/CD agent example.,"A scheduled GitHub Action that reads production logs, diagnoses, and opens a PR with the fix for a human to merge. The PR is the human-in-the-loop gate."
M9,All,Scenario Playbook,CI/CD,What is the defining challenge of a CI/CD agent and its fix?,"Avoiding false positives. Fix: prompt with explicit criteria (what counts, scope, what NOT to flag) plus few-shot examples, and hard gates so tests can't be skipped."
M9,All,Scenario Playbook,CI/CD,Why does vague prompting cause false positives?,"The model guesses patterns instead of following rules, so it over-flags. Define exact detection criteria and what not to change to stop it."
M9,All,Scenario Playbook,CI/CD,Where does a human stay in the loop for a headless CI/CD agent?,At the pull request — the agent opens a PR with the fix and never merges to production itself; a human reviews and merges.
M9,All,Scenario Playbook,Capstone,What is the single deciding question between workflow and agent?,Do you know the exact steps in advance? Yes -> workflow. Details unclear -> agent.
M9,All,Scenario Playbook,Capstone,When do you use a workflow?,"When you have precise task understanding and know the exact step sequence: predetermined, easier to test, higher success rate — but rigid."
M9,All,Scenario Playbook,Capstone,When do you use an agent?,"When task details are unclear: dynamic planning, flexible, but harder to test and lower success rate."
M9,All,Scenario Playbook,Capstone,What is the capstone core principle?,"Solve problems reliably first, innovation second. Default to workflows; reach for an agent only when the task genuinely can't be predetermined."
M9,All,Scenario Playbook,Capstone,Why give agents general tools rather than specialised ones?,"Many niche tools confuse selection, cause hesitation, and invite hallucinated combinations. Prefer small, general-purpose toolsets."
M10,D3,Claude Code Workflows,Memory,What are the three CLAUDE.md hierarchy layers and their paths?,"User (~/.claude/CLAUDE.md), project (.claude/CLAUDE.md or root CLAUDE.md), and directory-level (subdirectory CLAUDE.md files). Layers merge, closest-to-file wins."
M10,D3,Claude Code Workflows,Memory,Is ~/.claude/CLAUDE.md shared with teammates?,"No — it is user-level, applies only to you, and is NOT shared via version control. Project-level CLAUDE.md is committed and shared."
M10,D3,Claude Code Workflows,Memory,A new teammate isn't receiving team instructions after cloning. Likely cause?,"The instructions are at user level (~/.claude/CLAUDE.md), which isn't committed. Move them to the project CLAUDE.md / .claude/."
M10,D3,Claude Code Workflows,Memory,What is @import syntax for in CLAUDE.md?,"Referencing external files (e.g. @docs/architecture.md) to keep CLAUDE.md modular; the import expands only when referenced, so the always-on file stays lean."
M10,D3,Claude Code Workflows,Memory,What does the /memory command do?,Verifies which memory files are currently loaded — used to diagnose inconsistent behaviour across sessions. It does not install files.
M10,D3,Claude Code Workflows,Rules,What is .claude/rules/ as an alternative to CLAUDE.md?,"A directory for focused topic-specific rule files (e.g. testing.md, api-conventions.md, deployment.md) instead of one monolithic CLAUDE.md."
M10,D3,Claude Code Workflows,Rules,What frontmatter key scopes a .claude/rules/ file to specific files?,"paths: — a list of glob patterns (e.g. paths: [""**/*.test.tsx""]). NOT globs, appliesTo, or includes."
M10,D3,Claude Code Workflows,Rules,"When does a path-scoped rule load, and why does that matter?","Lazily — only when Claude edits a matching file. It costs zero context until relevant, saving tokens. A rule without paths: loads at session start."
M10,D3,Claude Code Workflows,Rules,Why use glob rules over a subdirectory CLAUDE.md for test conventions?,"Tests are spread across many directories; a glob (**/*.test.tsx) applies by file type regardless of location, while a subdirectory CLAUDE.md is directory-bound."
M10,D3,Claude Code Workflows,Commands,Where do project-scoped vs personal custom slash commands live?,Project: .claude/commands/ (shared via version control). Personal: ~/.claude/commands/ (not shared).
M10,D3,Claude Code Workflows,Commands,Where do you put a /review command so every dev gets it on clone/pull?,".claude/commands/ in the project repo — version-controlled and shared. Not ~/.claude/commands/, CLAUDE.md, or a (non-existent) .claude/config.json."
M10,D3,Claude Code Workflows,Skills,Where do Agent Skills live and what file defines them?,".claude/skills/<name>/ folders, each with a SKILL.md whose description tells Claude when to invoke it (instructions loaded on demand)."
M10,D3,Claude Code Workflows,Skills,What does context: fork do in SKILL.md frontmatter?,"Runs the skill in an isolated sub-agent context (its own window), keeping verbose output and reasoning out of the main conversation; only the result returns."
M10,D3,Claude Code Workflows,Skills,What does allowed-tools do in a skill?,"Restricts tool access during skill execution (e.g. read-only git, or file-write only) — listed tools run without a permission prompt while the skill is active."
M10,D3,Claude Code Workflows,Skills,What does argument-hint do in a skill?,Prompts the developer for required parameters when the skill is invoked without arguments.
M10,D3,Claude Code Workflows,Skills,How do you create a personal skill without affecting teammates?,Put it in ~/.claude/skills/ with a different name from any shared skill.
M10,D3,Claude Code Workflows,Skills,Skills vs CLAUDE.md — when to use each?,"Skills = on-demand, task-specific invocation. CLAUDE.md = always-loaded universal standards. Automatic-by-path needs rules, not skills."
M10,D3,Claude Code Workflows,PlanMode,When should you use plan mode?,"For large-scale changes, multiple valid approaches, architectural decisions, and multi-file modifications — to safely explore and design before committing."
M10,D3,Claude Code Workflows,PlanMode,When is direct execution appropriate?,"Simple, well-scoped changes — e.g. adding a single validation check to one function, or a single-file bug fix with a clear stack trace."
M10,D3,Claude Code Workflows,PlanMode,Monolith-to-microservices restructure across dozens of files — plan or direct?,Plan mode: explore the codebase and design before changing. Don't start direct and switch later; the complexity is already stated.
M10,D3,Claude Code Workflows,PlanMode,What does the Explore subagent do?,"Isolates verbose discovery output and returns summaries to the main conversation, preserving context and preventing window exhaustion."
M10,D3,Claude Code Workflows,CICD,What flag runs Claude Code non-interactively in CI/CD?,"-p (or --print) — processes the prompt, writes to stdout, and exits without waiting for input. Without it, the job hangs."
M10,D3,Claude Code Workflows,CICD,Which flags enforce structured CI output?,"--output-format json plus --json-schema, producing machine-parseable findings for automated posting as inline PR comments."
M10,D3,Claude Code Workflows,CICD,How does CLAUDE.md help CI-invoked Claude Code?,"It supplies project context — testing standards, fixture conventions, and review criteria — improving output quality."
M10,D3,Claude Code Workflows,CICD,Why use an independent review instance instead of self-review?,The session that generated the code retains its own reasoning and won't question its choices; a separate instance reviews more effectively.
M10,D3,Claude Code Workflows,CICD,Which CI distractors are NOT real fixes for hanging?,"CLAUDE_HEADLESS env var and --batch flag don't exist; piping < /dev/null is a workaround, not the documented fix (use -p)."
M10,D3,Claude Code Workflows,Refinement,Most effective way to communicate an expected transformation to Claude?,"Provide 2–3 concrete input/output examples — far more reliable than prose, which is interpreted inconsistently."
M10,D3,Claude Code Workflows,Refinement,What is test-driven iteration?,"Write a test suite first (behaviour, edge cases, performance), then iterate by sharing the test failures to guide improvement."
M10,D3,Claude Code Workflows,Refinement,What is the interview pattern?,"Have Claude ask questions first to surface considerations you didn't anticipate (e.g. cache invalidation, failure modes) before implementing."
M10,D3,Claude Code Workflows,Refinement,Single message vs sequential for fixing multiple issues?,One detailed message when the fixes interact (reconcile together); sequential when the problems are independent.
M11,D2,MCP Integration & Tool Design,MCP,"Where do you register a shared, team-wide MCP server?","Project-scoped .mcp.json in the repo root — it's committed, so everyone who clones the repo gets the same servers."
M11,D2,MCP Integration & Tool Design,MCP,Where do you register a personal or experimental MCP server?,"User-scoped ~/.claude.json in your home directory (not in git) — only you, across all your projects."
M11,D2,MCP Integration & Tool Design,MCP,How do you keep secrets out of a committed .mcp.json?,"Use environment-variable expansion, e.g. ""${GITHUB_TOKEN}"" — the value resolves from the environment at connection time, so no raw token is committed."
M11,D2,MCP Integration & Tool Design,MCP,"When are MCP tools from configured servers discovered, and how are they exposed?","At connection time; tools from ALL configured servers are available simultaneously, flattened into one list with no grouping by server."
M11,D2,MCP Integration & Tool Design,MCP,Community vs custom MCP servers — which to prefer?,"Prefer an existing community server (e.g. Jira, GitHub) for standard integrations; reserve custom servers for team-specific workflows."
M11,D2,MCP Integration & Tool Design,Resources,MCP tools vs resources — what's the difference?,"Tools = actions (do something); resources = data/context (read something). Resources expose content catalogs like issue summaries, doc hierarchies, DB schemas."
M11,D2,MCP Integration & Tool Design,Resources,How do MCP resources reduce exploratory tool calls?,"By exposing a content catalog the agent can read up front (issue summaries, schemas), it sees what data exists without firing a string of list_/describe_ tool calls first."
M11,D2,MCP Integration & Tool Design,Resources,"Why might an agent prefer built-in Grep over a more capable MCP tool, and how do you fix it?",It doesn't realise the MCP tool is more capable; enhance the MCP tool's description to detail its capabilities and outputs so the agent prefers it.
M11,D2,MCP Integration & Tool Design,ToolDesc,What is the primary mechanism the model uses to select a tool?,The tool's description text — the code behind the tool is invisible at selection time. Minimal/overlapping descriptions cause unreliable selection.
M11,D2,MCP Integration & Tool Design,ToolDesc,What four jobs should a good tool description do?,"State input formats, give example queries, cover edge cases, and draw boundaries (when to use it vs a similar tool, e.g. ""NOT for products — use search_products"")."
M11,D2,MCP Integration & Tool Design,ToolDesc,Why do analyze_content and analyze_document get misrouted?,"Near-identical descriptions give the model nothing to differentiate them, so it coin-flips. Fix by differentiating descriptions (and renaming/splitting)."
M11,D2,MCP Integration & Tool Design,ToolDesc,How can a system prompt override good tool descriptions?,"Keyword-sensitive instructions create unintended tool associations (e.g. ""always analyze..."" pulls toward a tool named analyze). Review system prompts for keyword sensitivity."
M11,D2,MCP Integration & Tool Design,ToolDesc,How do you eliminate functional overlap between two tools?,"Rename one to a specific name with a matching description, e.g. analyze_content -> extract_web_results with a web-specific description."
M11,D2,MCP Integration & Tool Design,ToolDesc,How do you fix a generic tool that does too many jobs?,"Split it into purpose-specific tools with defined contracts, e.g. analyze_document -> extract_data_points / summarize_content / verify_claim_against_source."
M11,D2,MCP Integration & Tool Design,Scoping,Why scope each subagent's tools to its role?,"An agent with tools outside its specialisation tends to misuse them (if the tool exists, it assumes it should use it), e.g. a synthesis agent doing web searches."
M11,D2,MCP Integration & Tool Design,Scoping,What's the exception to strict tool scoping?,"Provide a limited cross-role tool for a high-frequency need (e.g. a verify_fact tool for the synthesis agent), routing complex cases through the coordinator."
M11,D2,MCP Integration & Tool Design,Errors,What MCP flag signals a tool failure to the agent?,"isError — but the result is still returned to the agent, which keeps reasoning (tool failed != loop failed)."
M11,D2,MCP Integration & Tool Design,Errors,Name the four error categories in the MCP error taxonomy.,"transient (timeout/unavailable), validation (bad input), business (policy violation), and permission (not authorised)."
M11,D2,MCP Integration & Tool Design,Errors,Which error category is retryable?,"Only transient (timeouts, service unavailability). validation, business, and permission are not retryable as-is."
M11,D2,MCP Integration & Tool Design,Errors,What fields make an error response branchable?,"errorCategory (one of the four), an isRetryable boolean, and a human-readable description; for business rules include a customer-friendly explanation."
M11,D2,MCP Integration & Tool Design,Errors,"Why is ""Operation failed"" a bad tool error?","A uniform/generic error gives the agent nothing to act on — it can't decide whether to retry, fix input, or escalate. Return structured metadata instead."
M11,D2,MCP Integration & Tool Design,Errors,Access failure vs valid empty result — what's the distinction?,"An access failure (couldn't reach the source) needs a retry decision; a valid empty result (query ran, no matches) is a success and must be treated as data, not an error."
M11,D2,MCP Integration & Tool Design,Errors,How should a subagent handle errors in a multi-agent system?,"Recover locally first (retry transient failures, try a fallback); propagate to the coordinator only what it cannot resolve, with partial results and what was attempted."
M11,D2,MCP Integration & Tool Design,BuiltIn,"When Edit fails on a non-unique text match, what's the fallback?","Use Read to load the full file, then Write it back with the change applied — sidestepping Edit's unique-anchor requirement."
M12,D4,Structured Output & Extraction,Structured output,What is the most reliable way to guarantee schema-compliant structured output?,"Tool use (tool_use) with a JSON schema: define a tool whose input_schema is your data shape, force the call, and read the data from the tool_use response."
M12,D4,Structured Output & Extraction,Structured output,What error class does tool_use + JSON schema eliminate?,Syntax errors — it guarantees valid JSON of the right shape (right fields and types). It does NOT eliminate semantic errors.
M12,D4,Structured Output & Extraction,Structured output,Does tool_use prevent semantic errors like a total not summing to its line items?,No. Schema-valid is not the same as semantically correct. The schema can require total_pence: int but cannot require it equal the sum of line items.
M12,D4,Structured Output & Extraction,Structured output,Where does the structured data arrive in a forced tool_use extraction?,As the tool call's input — iterate the response content for the tool_use block and read block.input.
M12,D4,Structured Output & Extraction,Structured output,What does client.messages.parse(output_format=YourModel) do?,Structured outputs: pass a Pydantic model / JSON schema; the API constrains the response and the SDK returns a validated object in .parsed_output.
M12,D4,Structured Output & Extraction,Schema design,Why mark an extraction field nullable / optional?,So the model returns null instead of fabricating a value to satisfy a required field. It is the primary hallucination guard for info that may be absent.
M12,D4,Structured Output & Extraction,Schema design,When should a schema field be required?,Only when the field genuinely always exists in the source. Everything else should be optional/nullable.
M12,D4,Structured Output & Extraction,Schema design,How do you handle extensible categories in an enum?,"Add an ""other"" value plus a detail string for unlisted types, and an ""unclear"" value for genuinely ambiguous cases — so the model never forces a bad fit."
M12,D4,Structured Output & Extraction,Schema design,Where do format-normalisation rules belong?,"In the prompt, alongside the strict output schema, to handle inconsistent source formatting (dates, currencies, casing)."
M12,D4,Structured Output & Extraction,tool_choice,"What does tool_choice ""auto"" do?",The model MAY return text instead of calling a tool — risky when you must guarantee structured output.
M12,D4,Structured Output & Extraction,tool_choice,"What does tool_choice ""any"" do, and when use it for extraction?",The model must call some tool but chooses which. Use it when you have multiple extraction schemas and the document type is unknown.
M12,D4,Structured Output & Extraction,tool_choice,"What does forced tool_choice {""type"":""tool"",""name"":""...""} do?",Forces the model to call that specific named tool — use it to run a particular extraction (e.g. extract_metadata) before enrichment steps.
M12,D4,Structured Output & Extraction,Validation,What is a validation-retry loop?,"Get a schema-valid object, validate its MEANING with business rules, and on failure send back the document + failed extraction + the specific error to self-correct, up to a retry cap."
M12,D4,Structured Output & Extraction,Validation,What is the crucial detail of retry-with-error-feedback?,"Feed back exactly what was wrong (e.g. ""total is 1500 but line items sum to 1549""), not a generic ""try again"" — specific feedback is what lets the next attempt fix it."
M12,D4,Structured Output & Extraction,Validation,When are retries ineffective?,"When the required information is simply absent from the provided source (e.g. it lives only in an external document you didn't pass). Retries fix format/structural errors, not missing data."
M12,D4,Structured Output & Extraction,Validation,What do calculated_total and stated_total fields enable?,Extracting both lets you flag discrepancies between what the document states and what its parts add up to.
M12,D4,Structured Output & Extraction,Validation,What is the conflict_detected field for?,A boolean letting the model surface inconsistent source data instead of silently picking one value.
M12,D4,Structured Output & Extraction,Validation,What is the detected_pattern field for?,"Tracking which construct/pattern triggered a finding, enabling systematic analysis of false-positive (dismissal) patterns."
M12,D4,Structured Output & Extraction,Batch API,What are the headline numbers of the Message Batches API?,"50% cost savings, up to a 24-hour processing window, and no guaranteed latency SLA."
M12,D4,Structured Output & Extraction,Batch API,What is custom_id used for in the Batches API?,"To correlate each request with its response — results do NOT come back in submission order, so you match on custom_id."
M12,D4,Structured Output & Extraction,Batch API,Does the Message Batches API support multi-turn tool calling?,No — it cannot execute tools mid-request and return results within a single request.
M12,D4,Structured Output & Extraction,Batch API,What is the Message Batches API lifecycle?,"CREATE a batch (custom_id per request) → POLL until status ""ended"" → READ results, branching on succeeded/errored/canceled/expired."
M12,D4,Structured Output & Extraction,Batch API,When is batch processing appropriate vs inappropriate?,"Appropriate for non-blocking, latency-tolerant work (overnight reports, weekly audits, nightly test gen, backfills); inappropriate for blocking workflows like pre-merge checks."
M12,D4,Structured Output & Extraction,Batch API,How do you handle batch failures?,Resubmit only the failed custom_ids with appropriate modifications (e.g. chunking documents that exceeded context limits); refine the prompt on a sample first.
M12,D4,Structured Output & Extraction,Batch API,Sample Q11: which API for a blocking pre-merge check vs an overnight debt report?,"Batch the overnight report (50% cheaper, latency-tolerant); keep real-time calls for the blocking pre-merge check (no batch SLA)."
M12,D4,Structured Output & Extraction,Review,Why is self-review weak?,A model that generated the code retains its reasoning context and is less likely to question its own decisions in the same session.
M12,D4,Structured Output & Extraction,Review,What beats self-review for catching subtle issues?,An independent review instance with no prior reasoning context — more effective than self-review instructions or extended thinking.
M12,D4,Structured Output & Extraction,Review,What is multi-pass review?,"Splitting a large review into per-file local passes (consistent depth, local bugs) plus a separate cross-file integration pass (data flow) to avoid attention dilution."
M12,D4,Structured Output & Extraction,Review,"Sample Q12: how do you fix an inconsistent, contradictory 14-file PR review?","Split into focused passes: analyse each file individually for local issues, then a separate integration-focused pass for cross-file data flow."
M12,D4,Structured Output & Extraction,Review,"Why don't a bigger context window or ""≥2 of 3 runs"" fix a diluted review?",A larger context doesn't fix attention quality; requiring consensus across runs suppresses real bugs caught only intermittently. Restructure the passes instead.
M12,D4,Structured Output & Extraction,Review,What can verification passes report to route review attention?,"The model can self-report confidence alongside each finding, enabling calibrated review routing."
M13,D5,"Reliability, Context & Provenance",Context,"What is a ""case facts"" block?","A persistent block of transactional facts (amounts, dates, order numbers, statuses) included in every prompt, kept outside the summarised conversation history so summarisation can't blur them."
M13,D5,"Reliability, Context & Provenance",Context,What does progressive summarisation risk condensing?,"Numerical values, percentages, dates and customer-stated expectations into vague summaries — losing the exact facts."
M13,D5,"Reliability, Context & Provenance",Context,How should you handle a 40-field tool result when only 5 fields matter?,"Trim it to the relevant fields before it accumulates in context, since tool results are re-read every turn and cost tokens disproportionately to relevance."
M13,D5,"Reliability, Context & Provenance",Context,"What is the ""lost in the middle"" effect and how do you mitigate it?","Models reliably process info at the beginning and end of long inputs but may omit the middle. Mitigate with position-aware ordering: key-findings summary at the start, detail under explicit section headers."
M13,D5,"Reliability, Context & Provenance",Context,When should you make an upstream agent return structured data instead of verbose content?,"When the downstream agent has a limited context budget — return key facts, citations, relevance scores and metadata (dates, sources) rather than verbose content and reasoning chains."
M13,D5,"Reliability, Context & Provenance",Escalation,What are the three hard escalation triggers?,"Customer explicitly requests a human, policy gap/exception (policy ambiguous or silent), and inability to make meaningful progress."
M13,D5,"Reliability, Context & Provenance",Escalation,How should an agent respond to an explicit request for a human?,Honour it immediately — escalate without first attempting investigation.
M13,D5,"Reliability, Context & Provenance",Escalation,Why are sentiment and self-reported confidence unreliable escalation proxies?,"Customer sentiment doesn't correlate with case complexity, and LLM self-reported confidence is poorly calibrated (the agent is already over-confident on hard cases)."
M13,D5,"Reliability, Context & Provenance",Escalation,What is the proportionate first fix for poor escalation calibration?,Add explicit escalation criteria to the system prompt with few-shot examples demonstrating when to escalate vs resolve — before adding classifiers or sentiment infrastructure.
M13,D5,"Reliability, Context & Provenance",Escalation,What should an agent do when a lookup returns multiple customer matches?,Ask for additional identifiers rather than selecting a match by heuristic.
M13,D5,"Reliability, Context & Provenance",Escalation,When can an agent offer to resolve rather than escalate immediately?,"When the issue is within its capability — acknowledge frustration, offer resolution, and escalate only if the customer reiterates their preference for a human."
M13,D5,"Reliability, Context & Provenance",Reliability,"What should a subagent return when it fails, to enable coordinator recovery?","Structured error context: failure type, the attempted query, any partial results, and potential alternative approaches."
M13,D5,"Reliability, Context & Provenance",Reliability,Distinguish an access failure from a valid empty result.,"An access failure (timeout/unavailable) didn't complete and needs a retry decision; a valid empty result is a successful query with no matches — don't retry, proceed."
M13,D5,"Reliability, Context & Provenance",Reliability,"Why is a generic ""search unavailable"" status a poor error response?","It hides valuable context (what was attempted, partial results, alternatives) from the coordinator, preventing informed recovery decisions."
M13,D5,"Reliability, Context & Provenance",Reliability,Name the two error-propagation anti-patterns.,Silently suppressing errors (returning empty results marked as success) and terminating the entire workflow on a single subagent failure.
M13,D5,"Reliability, Context & Provenance",Reliability,How should subagents handle transient vs unrecoverable failures?,"Recover locally for transient failures (e.g. retry), and propagate only errors they can't resolve — including what was attempted and partial results."
M13,D5,"Reliability, Context & Provenance",LongSessions,What is the tell-tale sign of context degradation in a long session?,"The model gives inconsistent answers and references ""typical patterns"" rather than the specific classes/file paths it discovered earlier."
M13,D5,"Reliability, Context & Provenance",LongSessions,What is a scratchpad file and why use one?,"A disk file recording key findings, referenced on later questions. It keeps context flat and survives crashes and resets because it's on disk, not in volatile conversation state."
M13,D5,"Reliability, Context & Provenance",LongSessions,How does subagent delegation help large-codebase exploration?,"The subagent burns its own context window on verbose work (e.g. ""find all test files"") and returns a short result, so the main agent's context never sees the raw files."
M13,D5,"Reliability, Context & Provenance",LongSessions,What is a crash-recovery manifest?,A structured state export each agent writes to a known location; on resume the coordinator loads the manifest and injects it into agent prompts.
M13,D5,"Reliability, Context & Provenance",LongSessions,What does /compact do?,Reduces context usage during long exploration sessions when the window fills with verbose discovery output.
M13,D5,"Reliability, Context & Provenance",Review,Why can a 97% aggregate accuracy figure be misleading?,It can mask poor performance on a specific document type or field — a strong type can hide a failing one in the blended number.
M13,D5,"Reliability, Context & Provenance",Review,What is stratified random sampling used for in extraction QA?,Sampling high-confidence extractions on an ongoing basis to measure error rates and detect novel error patterns the aggregate won't surface.
M13,D5,"Reliability, Context & Provenance",Review,How are field-level confidence scores made useful?,"By calibrating review thresholds against labelled validation sets, then routing low-confidence or ambiguous extractions to human review."
M13,D5,"Reliability, Context & Provenance",Review,What must you validate before automating high-confidence extractions?,"Accuracy by document type and field segment, confirming consistent performance across all segments before reducing human review."
M13,D5,"Reliability, Context & Provenance",Review,Why is a raw 0.9 model confidence not enough to auto-resolve?,Confidence must first be calibrated on a labelled set to confirm 0.9-confidence outputs are actually right ~90% of the time.
M13,D5,"Reliability, Context & Provenance",Provenance,How is source attribution lost in multi-source synthesis?,"During summarisation, when findings are compressed without preserving claim-source mappings."
M13,D5,"Reliability, Context & Provenance",Provenance,What is a claim-source mapping?,"Each claim output with its source URL, document name and relevant excerpt, preserved and merged through synthesis by downstream agents."
M13,D5,"Reliability, Context & Provenance",Provenance,Why require publication/collection dates in structured outputs?,So temporal differences (different periods) aren't misinterpreted as contradictions between sources.
M13,D5,"Reliability, Context & Provenance",Provenance,How should conflicting statistics from credible sources be handled?,Annotate the conflict with source attribution (and dates) rather than arbitrarily picking one value; let the coordinator reconcile.
M13,D5,"Reliability, Context & Provenance",Provenance,What does reporting coverage gaps mean?,Structuring reports to distinguish well-supported findings from contested ones and flagging topic areas with gaps due to unavailable sources.
M13,D5,"Reliability, Context & Provenance",Provenance,How should different content types be rendered in synthesis output?,"Appropriately per type — financial data as tables, news as prose, technical findings as structured lists — not converted to one uniform format."
